<?xml version="1.0" encoding="ISO-8859-1"?>
<adempiereAD Name="0004-LAR_PackOutExtension" Version="1" CompVer="all" DataBase="1" Description="Agrega columnas para filtrar hasta 4 Tabs cuando se exporta una Ventana. Agrega posibilidad de Exportar segun un Tipo de Entidad.&#10;&#10;Basado en desarrollo Fabian Aguilar (CL)" creator="http://openbiz.com.ar" creatorcontact="info@openbiz.com.ar" createddate="2010-09-24 12:46:25" updateddate="2010-09-24 14:00:37" PackOutVer="005">
    <window AD_Window_ID="50003" ADWindowNameID="PackOut - Create a package" ADImageNameID="" ADColorNameID="" Description="Package build Application" EntityType="D" Help="" isBetaFunctionality="false" isDefault="false" isSOTrx="false" isActive="true" Name="PackOut - Create a package" isProcessing="false" WinHeight="" WinWidth="" WindowType="M">
        <table AD_Table_ID="50006" Name="Package Exp. Detail" ADTableNameID="AD_Package_Exp_Detail" ADWindowNameID="PackOut - Create a package" POWindowNameID="" ADValRuleNameID="" AccessLevel="4" Description="" EntityType="D" Help="" ImportTable="N" isChangeLog="false" isActive="true" isDeleteable="true" isHighVolume="false" isSecurityEnabled="false" isView="false" LoadSeq="" ReplicationType="L" TableName="AD_Package_Exp_Detail">
            <element IsActive="true" ColumnName="AD_Tab0_ID" Description="1er Tab a ser exportado" EntityType="U" Help="" Name="Tab 1" PrintName="Tab 1" PO_Description="" PO_Name="" PO_Help="" PO_PrintName=""/>
            <reference AD_Reference_ID="18" name="Table" Description="Table List" EntityType="D" Help="" Name="Table" isActive="true" VFormat="" ValidationType="D"/>
            <reference AD_Reference_ID="278" name="AD_Tab" Description="" EntityType="D" Help="" Name="AD_Tab" isActive="true" VFormat="" ValidationType="T">
                <referencetable AD_Reference_ID="278" ADRefenceNameID="AD_Tab" ADTableNameID="AD_Tab" ADDisplay="Name" Key="AD_Tab_ID" EntityType="D" IsValueDisplayed="N" OrderByClause="" isActive="Y" WhereClause=""/>
            </reference>
            <dynvalrule AD_Val_Rule_ID="163" Name="AD_Tab in Window" Code="AD_Tab.AD_Window_ID=@AD_Window_ID@" Description="" EntityType="D" Type="S" isActive="true"/>
            <column ADColumnNameID="AD_Tab0_ID" ADProcessNameID="" ADElementNameID="AD_Tab0_ID" ADReferenceNameID="Table" ADReferenceNameValueID="AD_Tab" ADTableNameID="AD_Package_Exp_Detail" ADValRuleNameID="AD_Tab in Window" Callout="" ColumnSQL="" ColumnName="AD_Tab0_ID" DefaultValue="" Description="1er Tab a ser exportado" EntityType="OPB_LAR" FieldLength="10" Help="" isAlwaysUpdateable="false" isIdentifier="false" isKey="false" isMandatory="false" isParent="false" isSelectionColumn="false" isActive="true" isTranslated="false" isUpdateable="true" Name="Tab 1" getIsSyncDatabase="Y" ReadOnlyLogic="" SeqNo="0" VFormat="" ValueMax="" ValueMin="" Version="0" InfoFactoryClass=""/>
            <element IsActive="true" ColumnName="AD_Tab1_ID" Description="2do Tab a ser exportado" EntityType="U" Help="" Name="Tab 2" PrintName="Tab 2" PO_Description="" PO_Name="" PO_Help="" PO_PrintName=""/>
            <column ADColumnNameID="AD_Tab1_ID" ADProcessNameID="" ADElementNameID="AD_Tab1_ID" ADReferenceNameID="Table" ADReferenceNameValueID="AD_Tab" ADTableNameID="AD_Package_Exp_Detail" ADValRuleNameID="AD_Tab in Window" Callout="" ColumnSQL="" ColumnName="AD_Tab1_ID" DefaultValue="" Description="2do Tab a ser exportado" EntityType="OPB_LAR" FieldLength="10" Help="" isAlwaysUpdateable="false" isIdentifier="false" isKey="false" isMandatory="false" isParent="false" isSelectionColumn="false" isActive="true" isTranslated="false" isUpdateable="true" Name="Tab 2" getIsSyncDatabase="Y" ReadOnlyLogic="" SeqNo="0" VFormat="" ValueMax="" ValueMin="" Version="0" InfoFactoryClass=""/>
            <element IsActive="true" ColumnName="AD_Tab2_ID" Description="3er Tab a ser exportado" EntityType="U" Help="" Name="Tab 3" PrintName="Tab 3" PO_Description="" PO_Name="" PO_Help="" PO_PrintName=""/>
            <column ADColumnNameID="AD_Tab2_ID" ADProcessNameID="" ADElementNameID="AD_Tab2_ID" ADReferenceNameID="Table" ADReferenceNameValueID="AD_Tab" ADTableNameID="AD_Package_Exp_Detail" ADValRuleNameID="AD_Tab in Window" Callout="" ColumnSQL="" ColumnName="AD_Tab2_ID" DefaultValue="" Description="3er Tab a ser exportado" EntityType="OPB_LAR" FieldLength="10" Help="" isAlwaysUpdateable="false" isIdentifier="false" isKey="false" isMandatory="false" isParent="false" isSelectionColumn="false" isActive="true" isTranslated="false" isUpdateable="true" Name="Tab 3" getIsSyncDatabase="Y" ReadOnlyLogic="" SeqNo="0" VFormat="" ValueMax="" ValueMin="" Version="0" InfoFactoryClass=""/>
            <element IsActive="true" ColumnName="AD_Tab3_ID" Description="4to Tab a ser exportado" EntityType="U" Help="" Name="Tab 4" PrintName="Tab 4" PO_Description="" PO_Name="" PO_Help="" PO_PrintName=""/>
            <column ADColumnNameID="AD_Tab3_ID" ADProcessNameID="" ADElementNameID="AD_Tab3_ID" ADReferenceNameID="Table" ADReferenceNameValueID="AD_Tab" ADTableNameID="AD_Package_Exp_Detail" ADValRuleNameID="AD_Tab in Window" Callout="" ColumnSQL="" ColumnName="AD_Tab3_ID" DefaultValue="" Description="4to Tab a ser exportado" EntityType="OPB_LAR" FieldLength="10" Help="" isAlwaysUpdateable="false" isIdentifier="false" isKey="false" isMandatory="false" isParent="false" isSelectionColumn="false" isActive="true" isTranslated="false" isUpdateable="true" Name="Tab 4" getIsSyncDatabase="Y" ReadOnlyLogic="" SeqNo="0" VFormat="" ValueMax="" ValueMin="" Version="0" InfoFactoryClass=""/>
            <element IsActive="true" ColumnName="TargetEntityType_ID" Description="Dictionary Entity Type; Determines ownership and synchronization" EntityType="OPB_LAR" Help="The Entity Types &quot;Dictionary&quot;, &quot;Adempiere&quot; and &quot;Application&quot; might be automatically synchronized and customizations deleted or overwritten.  &#10;&#10;For customizations, copy the entity and select &quot;User&quot;!" Name="TargetEntityType_ID" PrintName="TargetEntityType_ID" PO_Description="" PO_Name="" PO_Help="" PO_PrintName=""/>
            <reference name="EntityTypeID" Description="" EntityType="OPB_LAR" Help="" Name="EntityTypeID" isActive="true" VFormat="" ValidationType="T">
                <referencetable ADRefenceNameID="EntityTypeID" ADTableNameID="AD_EntityType" ADDisplay="Name" Key="AD_EntityType_ID" EntityType="U" IsValueDisplayed="N" OrderByClause="" isActive="Y" WhereClause=""/>
            </reference>
            <column ADColumnNameID="TargetEntityType_ID" ADProcessNameID="" ADElementNameID="TargetEntityType_ID" ADReferenceNameID="Table" ADReferenceNameValueID="EntityTypeID" ADTableNameID="AD_Package_Exp_Detail" ADValRuleNameID="" Callout="" ColumnSQL="" ColumnName="TargetEntityType_ID" DefaultValue="" Description="Dictionary Entity Type; Determines ownership and synchronization" EntityType="OPB_LAR" FieldLength="40" Help="The Entity Types &quot;Dictionary&quot;, &quot;Adempiere&quot; and &quot;Application&quot; might be automatically synchronized and customizations deleted or overwritten.  &#10;&#10;For customizations, copy the entity and select &quot;User&quot;!" isAlwaysUpdateable="false" isIdentifier="false" isKey="false" isMandatory="false" isParent="false" isSelectionColumn="false" isActive="true" isTranslated="false" isUpdateable="true" Name="TargetEntityType_ID" getIsSyncDatabase="Y" ReadOnlyLogic="" SeqNo="0" VFormat="" ValueMax="" ValueMin="" Version="0" InfoFactoryClass=""/>
        </table>
        <tab AD_Tab_ID="50006" Name="Package Details" ADColumnSortOrderNameID="" ADColumnSortYesNoNameID="" ADColumnNameID="" ADImageNameID="" ADProcessNameID="" ADTabNameID="Package Details" ADTableNameID="AD_Package_Exp_Detail" ADWindowNameID="PackOut - Create a package" IncludedTabNameID="" CommitWarning="" Description="" EntityType="D" isHasTree="false" Help="" isInfoTab="false" isReadOnly="false" isSingleRow="false" isSortTab="false" isActive="true" IsTranslationTab="false" OrderByClause="Line ASC" isProcessing="false" SeqNo="20" TabLevel="1" WhereClause="" ReadOnlyLogic="" DisplayLogic="" isInsertRecord="true" isAdvancedTab="false" Syncfields="false">
            <field ADColumnNameID="AD_Tab0_ID" ADTableNameID="AD_Package_Exp_Detail" ADFieldGroupNameID="" ADFieldNameID="Tab 1" ADTabNameID="Package Details" ADWindowNameID="PackOut - Create a package" EntityType="OPB_LAR" Name="Tab 1" SameLine="false" isCentrallyMaintained="true" Displayed="true" isActive="true" isEncrypted="false" isFieldOnly="false" isHeading="false" isReadOnly="false" SeqNo="330" DisplayLength="25" Description="1er Tab a ser exportado" Help="" SortNo="0" DisplayLogic="@Type@='W'" ObscureType="" InfoFactoryClass="" ADReferenceNameID="" ADReferenceNameValueID="" ADValRuleNameID=""/>
            <field ADColumnNameID="AD_Tab1_ID" ADTableNameID="AD_Package_Exp_Detail" ADFieldGroupNameID="" ADFieldNameID="Tab 2" ADTabNameID="Package Details" ADWindowNameID="PackOut - Create a package" EntityType="OPB_LAR" Name="Tab 2" SameLine="true" isCentrallyMaintained="true" Displayed="true" isActive="true" isEncrypted="false" isFieldOnly="false" isHeading="false" isReadOnly="false" SeqNo="340" DisplayLength="25" Description="2do Tab a ser exportado" Help="" SortNo="0" DisplayLogic="@Type@='W'" ObscureType="" InfoFactoryClass="" ADReferenceNameID="" ADReferenceNameValueID="" ADValRuleNameID=""/>
            <field ADColumnNameID="AD_Tab2_ID" ADTableNameID="AD_Package_Exp_Detail" ADFieldGroupNameID="" ADFieldNameID="Tab 3" ADTabNameID="Package Details" ADWindowNameID="PackOut - Create a package" EntityType="OPB_LAR" Name="Tab 3" SameLine="false" isCentrallyMaintained="true" Displayed="true" isActive="true" isEncrypted="false" isFieldOnly="false" isHeading="false" isReadOnly="false" SeqNo="350" DisplayLength="25" Description="3er Tab a ser exportado" Help="" SortNo="0" DisplayLogic="@Type@='W'" ObscureType="" InfoFactoryClass="" ADReferenceNameID="" ADReferenceNameValueID="" ADValRuleNameID=""/>
            <field ADColumnNameID="AD_Tab3_ID" ADTableNameID="AD_Package_Exp_Detail" ADFieldGroupNameID="" ADFieldNameID="Tab 4" ADTabNameID="Package Details" ADWindowNameID="PackOut - Create a package" EntityType="OPB_LAR" Name="Tab 4" SameLine="true" isCentrallyMaintained="true" Displayed="true" isActive="true" isEncrypted="false" isFieldOnly="false" isHeading="false" isReadOnly="false" SeqNo="360" DisplayLength="25" Description="4to Tab a ser exportado" Help="" SortNo="0" DisplayLogic="@Type@='W'" ObscureType="" InfoFactoryClass="" ADReferenceNameID="" ADReferenceNameValueID="" ADValRuleNameID=""/>
            <field ADColumnNameID="TargetEntityType_ID" ADTableNameID="AD_Package_Exp_Detail" ADFieldGroupNameID="" ADFieldNameID="TargetEntityType_ID" ADTabNameID="Package Details" ADWindowNameID="PackOut - Create a package" EntityType="OPB_LAR" Name="TargetEntityType_ID" SameLine="false" isCentrallyMaintained="true" Displayed="true" isActive="true" isEncrypted="false" isFieldOnly="false" isHeading="false" isReadOnly="false" SeqNo="370" DisplayLength="40" Description="Dictionary Entity Type; Determines ownership and synchronization" Help="The Entity Types &quot;Dictionary&quot;, &quot;Adempiere&quot; and &quot;Application&quot; might be automatically synchronized and customizations deleted or overwritten.  &#10;&#10;For customizations, copy the entity and select &quot;User&quot;!" SortNo="0" DisplayLogic="" ObscureType="" InfoFactoryClass="" ADReferenceNameID="" ADReferenceNameValueID="" ADValRuleNameID=""/>
        </tab>
    </window>
</adempiereAD>
