<?xml version="1.0" encoding="ISO-8859-1"?>
<?xml-stylesheet type="text/css" href="adempiereDocument.css"?>

<adempiereDocument>
    <header>LAR_Base Package Description</header>
    <H1>Package Name:</H1>
    <packagename>LAR_Base</packagename>
    <H1>Creator:</H1>
    <creator>lar@ergio.com.ar</creator>
    <H1>Email Address:</H1>
    <creatorcontact>lar@ergio.com.ar</creatorcontact>
    <H1>Created:</H1>
    <createddate>2011-11-08 21:37:37</createddate>
    <H1>Updated:</H1>
    <updateddate>2011-11-08 21:37:37</updateddate>
    <H1>Description:</H1>
    <description>Localizacion Argentina</description>
    <H1>Instructions:</H1>
    <instructions>Localizacion Argentina</instructions>
    <H1>Files in Package:</H1>
    <file>File: PackOut.xml</file>
    <filedirectory>Directory: \dict\</filedirectory>
    <filenotes>Notes: Contains all application/object settings for package</filenotes>
</adempiereDocument>
