<?xml version="1.0" encoding="ISO-8859-1"?>
<?xml-stylesheet type="text/css" href="adempiereDocument.css"?>

<adempiereDocument>
    <header>0004-LAR_PackOutExtension Package Description</header>
    <H1>Package Name:</H1>
    <packagename>0004-LAR_PackOutExtension</packagename>
    <H1>Creator:</H1>
    <creator>http://openbiz.com.ar</creator>
    <H1>Email Address:</H1>
    <creatorcontact>info@openbiz.com.ar</creatorcontact>
    <H1>Created:</H1>
    <createddate>2010-09-24 12:46:25</createddate>
    <H1>Updated:</H1>
    <updateddate>2010-09-24 14:00:37</updateddate>
    <H1>Description:</H1>
    <description>Agrega columnas para filtrar hasta 4 Tabs cuando se exporta una Ventana. Agrega posibilidad de Exportar segun un Tipo de Entidad.

Basado en desarrollo Fabian Aguilar (CL)</description>
    <H1>Instructions:</H1>
    <instructions>Importar como cualquier paquete.</instructions>
    <H1>Files in Package:</H1>
    <file>File: PackOut.xml</file>
    <filedirectory>Directory: \dict\</filedirectory>
    <filenotes>Notes: Contains all application/object settings for package</filenotes>
</adempiereDocument>
