<?xml version="1.0" encoding="ISO-8859-1"?>
<?xml-stylesheet type="text/css" href="adempiereDocument.css"?>

<adempiereDocument>
    <header>0007-LAR_PaymentCustom Package Description</header>
    <H1>Package Name:</H1>
    <packagename>0007-LAR_PaymentCustom</packagename>
    <H1>Creator:</H1>
    <creator>gwagner</creator>
    <H1>Email Address:</H1>
    <creatorcontact>wagnergerman@gmail.com</creatorcontact>
    <H1>Created:</H1>
    <createddate>2010-11-12 12:17:22</createddate>
    <H1>Updated:</H1>
    <updateddate>2010-11-12 12:18:25</updateddate>
    <H1>Description:</H1>
    <description>REALIZADO PARA AD360
----------------------------------------------------
+ Agregada tabla LAR_PaymentHeader
* Modificada tabla C_Payment
	+ Agregada columna LAR_PaymentHeader_ID
	+ Agregada columna LAR_PaymentSource_ID

+ Creada ventana de Cobros
	+Creado tab cabecera 
	+Creado tab detalle
+ Creada ventana de Pagos
	+Creado tab cabecera
	+Creado tab detalle
+ Creado menú para ventana Cobros: LAR &gt; Cobros
+ Creado menú para ventana Pagos: LAR &gt; Pagos
+ Creado proceso LAR_PaymentHeader_Process (ver LAR_ProcesarCabecera)
+ Creado proceso SeleccionarDocumentosEnCartera, (ver LAR_SeleccionarDocumentosEnCartera)
+ Creada validación para que traiga solo los doctype basados en ARR: 
	"C_DocType Receipts"
+ Creada validación para que traiga solo los doctype basados en APP: 
	"C_DocType Payments"
+ Creada Validación para la referencia All_Document Action	que traiga solo CO, RC y VO: 
	"List - DocAction - CO,RC,VO"</description>
    <H1>Instructions:</H1>
    <instructions>LAR_PackOutExtension</instructions>
    <H1>Files in Package:</H1>
    <file>File: PackOut.xml</file>
    <filedirectory>Directory: \dict\</filedirectory>
    <filenotes>Notes: Contains all application/object settings for package</filenotes>
</adempiereDocument>
